start_time,end_time
01:00 PM,01:55 PM
01:00 PM,02:20 PM
02:40 PM,04:40 PM
02:40 PM,03:35 PM
02:40 PM,05:40 PM
02:40 PM,04:00 PM
02:50 PM,04:10 PM
04:20 PM,07:20 PM
04:20 PM,05:40 PM
04:20 PM,07:00 PM
04:30 PM,06:30 PM
05:50 PM,07:10 PM
06:00 PM,08:40 PM
06:00 PM,10:00 PM
07:40 PM,09:00 PM
08:00 AM,09:20 AM
08:00 AM,11:00 AM
08:30 AM,11:00 AM
08:45 AM,10:35 AM
09:20 AM,10:40 AM
09:40 AM,10:35 AM
09:40 AM,11:00 AM
10:00 AM,10:50 AM
11:05 AM,12:25 PM
11:20 AM,12:40 PM
11:20 AM,12:15 PM
11:20 AM,02:20 PM
11:20 AM,12:35 PM
11:30 AM,02:00 PM
12:50 PM,02:10 PM
